-- Generation time: Fri, 31 Jan 2020 09:44:32 +0000
-- Host: mysql.hostinger.ro
-- DB name: u574849695_22
/*!40030 SET NAMES UTF8 */;
/*!40101 SET @OLD_CHARACTER_SET_CLIENT=@@CHARACTER_SET_CLIENT */;
/*!40101 SET @OLD_CHARACTER_SET_RESULTS=@@CHARACTER_SET_RESULTS */;
/*!40101 SET @OLD_COLLATION_CONNECTION=@@COLLATION_CONNECTION */;
/*!40103 SET @OLD_TIME_ZONE=@@TIME_ZONE */;
/*!40103 SET TIME_ZONE='+00:00' */;
/*!40014 SET @OLD_UNIQUE_CHECKS=@@UNIQUE_CHECKS, UNIQUE_CHECKS=0 */;
/*!40014 SET @OLD_FOREIGN_KEY_CHECKS=@@FOREIGN_KEY_CHECKS, FOREIGN_KEY_CHECKS=0 */;
/*!40101 SET @OLD_SQL_MODE=@@SQL_MODE, SQL_MODE='NO_AUTO_VALUE_ON_ZERO' */;
/*!40111 SET @OLD_SQL_NOTES=@@SQL_NOTES, SQL_NOTES=0 */;

DROP TABLE IF EXISTS `communities`;
CREATE TABLE `communities` (
  `id` bigint(20) unsigned NOT NULL AUTO_INCREMENT,
  `name` varchar(150) COLLATE utf8_unicode_ci DEFAULT NULL,
  PRIMARY KEY (`id`),
  KEY `communities_name_idx` (`name`)
) ENGINE=InnoDB AUTO_INCREMENT=101 DEFAULT CHARSET=utf8 COLLATE=utf8_unicode_ci;

INSERT INTO `communities` VALUES ('87','a'),
('54','alias'),
('96','aliquam'),
('45','aliquid'),
('43','amet'),
('53','amet'),
('30','animi'),
('3','aperiam'),
('69','aperiam'),
('47','architecto'),
('13','assumenda'),
('46','assumenda'),
('98','assumenda'),
('2','aut'),
('65','aut'),
('55','autem'),
('95','autem'),
('91','blanditiis'),
('84','consectetur'),
('85','consectetur'),
('16','consequatur'),
('25','debitis'),
('10','dolor'),
('21','dolor'),
('82','dolor'),
('34','dolore'),
('89','dolore'),
('97','dolore'),
('38','dolorum'),
('49','ea'),
('57','eaque'),
('36','eos'),
('51','eos'),
('56','eos'),
('100','error'),
('6','et'),
('19','et'),
('76','et'),
('93','et'),
('50','ex'),
('24','excepturi'),
('26','facilis'),
('79','fuga'),
('71','fugiat'),
('33','id'),
('92','inventore'),
('28','ipsam'),
('67','iste'),
('42','itaque'),
('61','labore'),
('31','laboriosam'),
('41','laudantium'),
('27','maxime'),
('75','minus'),
('99','modi'),
('5','molestiae'),
('20','nam'),
('29','necessitatibus'),
('48','neque'),
('88','neque'),
('59','nihil'),
('80','nihil'),
('62','omnis'),
('22','porro'),
('58','quae'),
('8','quam'),
('44','quam'),
('11','quasi'),
('14','quasi'),
('70','qui'),
('18','quia'),
('32','quia'),
('83','quia'),
('68','quis'),
('1','quo'),
('7','ratione'),
('39','recusandae'),
('60','repellat'),
('90','repellat'),
('40','repudiandae'),
('35','rerum'),
('66','rerum'),
('12','sapiente'),
('17','sint'),
('74','sit'),
('73','tempore'),
('52','temporibus'),
('72','totam'),
('9','unde'),
('78','ut'),
('81','ut'),
('94','ut'),
('77','vel'),
('63','velit'),
('37','voluptas'),
('86','voluptas'),
('4','voluptatem'),
('23','voluptatem'),
('64','voluptatem'),
('15','voluptatum'); 


DROP TABLE IF EXISTS `friend_requests`;
CREATE TABLE `friend_requests` (
  `initiator_user_id` bigint(20) unsigned NOT NULL,
  `target_user_id` bigint(20) unsigned NOT NULL,
  `status` enum('requested','approved','unfriended','declined') COLLATE utf8_unicode_ci DEFAULT NULL,
  `requested_at` datetime DEFAULT current_timestamp(),
  `confirmed_at` datetime DEFAULT NULL,
  PRIMARY KEY (`initiator_user_id`,`target_user_id`),
  KEY `initiator_user_id` (`initiator_user_id`),
  KEY `target_user_id` (`target_user_id`),
  CONSTRAINT `friend_requests_ibfk_1` FOREIGN KEY (`initiator_user_id`) REFERENCES `users` (`id`),
  CONSTRAINT `friend_requests_ibfk_2` FOREIGN KEY (`target_user_id`) REFERENCES `users` (`id`)
) ENGINE=InnoDB DEFAULT CHARSET=utf8 COLLATE=utf8_unicode_ci;

INSERT INTO `friend_requests` VALUES ('1','1','','1982-11-22 23:58:45','1976-09-26 21:29:39'),
('2','2','','1998-05-05 09:24:24','1975-05-28 22:43:48'),
('3','3','','1971-09-05 10:36:06','1989-07-30 10:02:56'),
('4','4','','1996-10-11 10:04:26','2019-12-26 05:42:05'),
('5','5','','2011-11-03 04:22:19','2016-01-01 08:14:40'),
('6','6','','2002-06-18 22:37:30','1980-01-28 02:27:57'),
('7','7','','1972-07-01 00:28:32','1971-06-10 21:07:53'),
('8','8','','1990-05-14 04:26:46','1972-03-07 01:50:03'),
('9','9','','1970-04-28 03:04:31','2008-10-04 03:14:53'),
('10','10','','1980-11-05 12:56:45','1977-02-15 02:52:12'),
('11','11','','1976-07-24 10:30:10','1986-11-09 15:53:46'),
('12','12','','1974-10-11 05:09:54','1979-07-22 23:24:23'),
('13','13','','2002-03-25 10:15:27','1986-05-18 01:38:14'),
('14','14','','2011-11-25 03:20:18','1971-11-09 06:10:34'),
('15','15','','1991-06-17 06:55:49','2015-05-18 04:40:37'),
('16','16','','1984-02-14 06:49:07','1979-07-25 16:56:19'),
('17','17','','1980-05-14 03:23:29','1976-07-19 17:09:36'),
('18','18','','2007-09-26 06:31:55','2016-10-12 18:42:54'),
('19','19','','1977-04-18 07:58:49','1997-12-31 08:48:38'),
('20','20','','1991-03-25 09:54:12','1985-01-03 16:33:58'),
('21','21','','2005-12-11 17:55:55','2013-08-04 02:06:26'),
('22','22','','1974-09-25 02:30:27','2017-02-07 11:36:17'),
('23','23','','2002-05-12 08:47:19','1980-04-30 07:59:02'),
('24','24','','2019-12-12 00:42:17','2014-12-13 07:29:33'),
('25','25','','1978-03-18 03:31:28','1979-03-26 22:40:29'),
('26','26','','2019-11-07 14:33:45','2001-06-01 17:56:55'),
('27','27','','2012-11-17 23:34:47','1988-09-24 01:32:15'),
('28','28','','1993-06-13 14:15:38','2006-02-23 14:01:48'),
('29','29','','2003-07-26 05:48:56','1995-03-09 06:21:52'),
('30','30','','1985-10-30 18:32:46','1989-05-16 19:21:16'),
('31','31','','2015-12-02 09:11:11','1991-09-28 17:41:52'),
('32','32','','1999-01-07 07:01:21','2001-08-11 03:22:03'),
('33','33','','1982-11-21 10:47:53','1984-11-18 17:47:31'),
('34','34','','1989-02-12 08:13:09','2009-05-04 21:15:03'),
('35','35','','2019-08-18 09:22:03','1979-01-20 21:10:43'),
('36','36','','1991-02-05 02:47:26','2012-05-14 08:10:33'),
('37','37','','1984-08-22 20:23:40','2013-12-27 19:10:07'),
('38','38','','2012-10-06 01:38:34','2016-04-29 08:43:40'),
('39','39','','1972-03-12 11:02:49','2010-11-18 23:19:07'),
('40','40','','1987-12-03 17:26:02','2016-08-25 23:48:15'),
('41','41','','2008-02-14 23:16:54','1981-11-18 10:32:01'),
('42','42','','1975-04-10 11:57:53','1975-05-04 10:50:19'),
('43','43','','1976-06-24 21:22:32','2011-03-17 18:00:14'),
('44','44','','1973-11-09 02:34:02','1989-03-26 04:32:35'),
('45','45','','1972-02-15 12:47:16','1986-11-17 13:33:47'),
('46','46','','1984-06-12 09:31:18','1994-07-17 20:28:41'),
('47','47','','1973-04-11 16:35:37','1979-06-08 05:01:08'),
('48','48','','1971-03-03 04:31:08','1988-07-13 15:16:19'),
('49','49','','2000-06-25 19:42:26','1980-08-19 11:15:27'),
('50','50','','2002-07-28 13:07:05','2003-10-09 11:52:37'),
('51','51','','1977-12-13 00:13:02','2007-11-19 00:24:40'),
('52','52','','1996-10-14 19:00:39','1980-07-30 11:06:24'),
('53','53','','1990-12-17 21:12:08','2002-09-06 09:01:49'),
('54','54','','1976-01-05 07:47:17','1997-09-01 14:52:04'),
('55','55','','1997-06-04 04:07:15','2016-03-20 10:32:37'),
('56','56','','1977-08-09 03:44:43','2011-01-21 14:01:32'),
('57','57','','2001-06-08 18:35:02','2015-11-28 18:22:17'),
('58','58','','1971-06-05 15:18:13','1996-05-01 22:54:49'),
('59','59','','2012-07-11 11:29:48','2008-07-26 06:58:31'),
('60','60','','1987-07-18 20:22:37','1972-11-15 18:38:19'),
('61','61','','2004-06-03 03:39:40','2006-02-27 19:26:15'),
('62','62','','2018-04-04 21:50:11','2005-07-27 03:17:14'),
('63','63','','1973-10-24 00:24:43','1977-05-28 01:31:12'),
('64','64','','1972-08-19 07:00:50','1977-12-02 18:01:49'),
('65','65','','1971-09-07 19:51:12','2010-04-12 03:28:19'),
('66','66','','1982-03-03 02:46:29','1996-10-08 23:11:24'),
('67','67','','2006-12-31 09:58:09','1982-01-03 05:58:05'),
('68','68','','1991-04-24 06:26:28','1996-10-14 17:02:28'),
('69','69','','1980-05-13 15:08:28','1992-06-21 15:39:34'),
('70','70','','2002-02-14 19:14:01','2008-11-30 22:04:21'),
('71','71','','1985-10-31 02:28:30','1974-02-07 10:16:07'),
('72','72','','2017-06-22 03:29:09','1988-09-11 10:33:34'),
('73','73','','1970-08-09 14:27:48','1977-09-13 12:58:14'),
('74','74','','1994-02-11 10:42:26','1999-10-03 21:24:58'),
('75','75','','1995-07-31 00:19:03','1987-07-09 06:01:43'),
('76','76','','2010-03-03 07:27:42','1991-06-05 22:52:37'),
('77','77','','2001-10-23 22:45:47','1999-02-04 16:52:18'),
('78','78','','1994-07-04 15:20:43','1985-07-01 14:24:05'),
('79','79','','1984-12-07 21:33:06','1994-10-29 09:37:07'),
('80','80','','1979-08-08 03:46:05','1980-08-02 23:15:03'),
('81','81','','1993-10-02 09:20:38','1993-03-29 15:48:39'),
('82','82','','1989-12-24 22:45:31','2005-10-29 13:08:39'),
('83','83','','1976-07-10 13:01:45','1995-06-28 19:25:19'),
('84','84','','2014-01-31 16:00:19','2008-03-13 21:53:55'),
('85','85','','1988-05-08 00:26:56','1970-02-24 15:48:33'),
('86','86','','1989-05-26 13:16:49','1990-08-08 00:27:43'),
('87','87','','2016-01-24 23:03:58','2006-09-03 01:41:45'),
('88','88','','1996-01-12 02:35:20','1997-11-30 18:52:41'),
('89','89','','1980-04-18 22:54:23','1988-04-23 06:24:29'),
('90','90','','1982-07-22 22:14:11','2011-05-30 18:01:31'),
('91','91','','1992-10-12 17:52:52','1998-09-09 00:38:03'),
('92','92','','1972-12-19 08:46:39','2007-06-29 22:50:21'),
('93','93','','2018-02-16 20:18:01','1976-03-31 21:39:45'),
('94','94','','1979-06-25 16:25:54','1990-06-03 16:31:15'),
('95','95','','2004-09-26 14:20:46','1970-04-08 07:01:55'),
('96','96','','1993-12-28 22:29:39','1988-06-17 03:32:20'),
('97','97','','2013-04-27 07:22:49','2004-05-18 15:36:17'),
('98','98','','1979-12-12 17:43:06','2000-07-23 19:03:12'),
('99','99','','2002-12-15 04:32:28','1983-04-19 05:31:50'),
('100','100','','2007-05-30 08:43:26','2015-10-23 12:49:24'); 


DROP TABLE IF EXISTS `likes`;
CREATE TABLE `likes` (
  `id` bigint(20) unsigned NOT NULL AUTO_INCREMENT,
  `user_id` bigint(20) unsigned NOT NULL,
  `media_id` bigint(20) unsigned NOT NULL,
  `created_at` datetime DEFAULT current_timestamp(),
  PRIMARY KEY (`id`)
) ENGINE=InnoDB AUTO_INCREMENT=101 DEFAULT CHARSET=utf8 COLLATE=utf8_unicode_ci;

INSERT INTO `likes` VALUES ('1','1','1','2014-10-16 23:25:40'),
('2','2','2','1982-04-03 00:53:17'),
('3','3','3','1976-02-02 02:16:00'),
('4','4','4','1984-06-18 15:49:56'),
('5','5','5','1999-04-23 04:54:23'),
('6','6','6','1971-03-21 22:27:31'),
('7','7','7','1972-10-20 11:33:40'),
('8','8','8','1979-10-25 13:24:07'),
('9','9','9','1970-12-21 05:19:39'),
('10','10','10','1975-03-18 23:55:45'),
('11','11','11','2019-01-09 23:36:37'),
('12','12','12','1981-10-26 13:39:34'),
('13','13','13','1990-08-15 11:55:19'),
('14','14','14','1983-04-12 22:16:46'),
('15','15','15','1999-07-22 15:41:50'),
('16','16','16','1978-08-07 15:42:41'),
('17','17','17','2005-03-19 09:35:35'),
('18','18','18','1972-11-19 01:41:28'),
('19','19','19','2013-12-08 19:51:40'),
('20','20','20','1973-07-15 03:03:43'),
('21','21','21','1986-10-04 02:10:36'),
('22','22','22','1981-09-22 20:51:56'),
('23','23','23','1995-03-04 23:59:05'),
('24','24','24','1991-11-27 10:31:48'),
('25','25','25','2002-03-10 07:49:30'),
('26','26','26','1988-06-09 01:03:36'),
('27','27','27','1981-05-23 01:17:48'),
('28','28','28','2016-06-19 04:54:03'),
('29','29','29','2003-05-11 06:51:20'),
('30','30','30','1980-03-12 13:30:23'),
('31','31','31','1998-12-08 23:35:24'),
('32','32','32','1989-12-07 08:04:57'),
('33','33','33','2012-05-11 09:16:49'),
('34','34','34','1973-07-20 07:10:02'),
('35','35','35','1997-02-24 02:52:10'),
('36','36','36','2018-03-09 04:24:19'),
('37','37','37','1995-05-28 00:36:24'),
('38','38','38','1981-01-20 17:36:08'),
('39','39','39','1975-01-29 17:16:14'),
('40','40','40','2016-08-06 11:52:09'),
('41','41','41','1998-06-10 14:17:54'),
('42','42','42','1978-10-22 20:21:58'),
('43','43','43','1989-04-17 10:45:33'),
('44','44','44','1981-01-08 13:19:51'),
('45','45','45','2008-01-29 07:17:48'),
('46','46','46','2007-01-12 08:24:10'),
('47','47','47','2002-04-07 20:45:35'),
('48','48','48','1976-06-09 23:36:31'),
('49','49','49','1994-03-26 11:13:51'),
('50','50','50','2012-03-04 21:50:50'),
('51','51','51','2012-05-15 14:53:47'),
('52','52','52','1972-04-19 06:41:17'),
('53','53','53','1990-01-31 22:38:08'),
('54','54','54','1980-04-05 05:04:28'),
('55','55','55','2017-10-01 12:05:22'),
('56','56','56','1972-12-04 08:50:00'),
('57','57','57','1975-06-11 23:39:41'),
('58','58','58','1993-04-03 07:47:33'),
('59','59','59','1971-07-01 20:26:27'),
('60','60','60','2018-08-17 13:31:58'),
('61','61','61','2015-09-11 10:54:53'),
('62','62','62','2005-06-26 17:16:56'),
('63','63','63','2000-05-02 01:34:06'),
('64','64','64','2014-07-06 17:12:28'),
('65','65','65','1990-09-07 07:49:14'),
('66','66','66','2004-12-24 15:32:42'),
('67','67','67','2010-06-28 06:37:29'),
('68','68','68','1997-10-27 04:52:40'),
('69','69','69','1976-11-10 14:48:11'),
('70','70','70','1990-05-03 03:22:41'),
('71','71','71','1971-02-08 18:24:03'),
('72','72','72','1979-11-19 17:54:19'),
('73','73','73','1987-08-21 18:51:55'),
('74','74','74','1971-07-06 03:58:01'),
('75','75','75','1984-03-20 12:05:10'),
('76','76','76','2014-06-05 07:10:21'),
('77','77','77','1998-07-26 13:45:50'),
('78','78','78','1978-09-04 10:14:24'),
('79','79','79','2018-11-02 22:37:01'),
('80','80','80','1998-10-03 01:20:06'),
('81','81','81','1974-12-19 11:03:00'),
('82','82','82','1974-06-18 16:17:28'),
('83','83','83','1999-05-18 04:39:21'),
('84','84','84','1990-05-26 12:14:15'),
('85','85','85','1987-12-31 09:18:56'),
('86','86','86','1987-04-17 15:02:16'),
('87','87','87','2014-06-23 11:28:57'),
('88','88','88','2005-02-14 02:47:41'),
('89','89','89','2005-08-21 21:12:53'),
('90','90','90','1993-08-04 10:13:55'),
('91','91','91','1987-02-10 06:57:02'),
('92','92','92','1982-03-11 20:46:27'),
('93','93','93','1992-04-27 19:28:21'),
('94','94','94','1981-03-20 10:33:59'),
('95','95','95','1980-03-03 11:16:05'),
('96','96','96','2010-11-22 15:08:02'),
('97','97','97','2014-01-30 23:26:12'),
('98','98','98','1970-06-17 12:33:28'),
('99','99','99','2010-12-15 19:42:01'),
('100','100','100','2018-09-06 23:24:31'); 


DROP TABLE IF EXISTS `media`;
CREATE TABLE `media` (
  `id` bigint(20) unsigned NOT NULL AUTO_INCREMENT,
  `media_type_id` bigint(20) unsigned NOT NULL,
  `user_id` bigint(20) unsigned NOT NULL,
  `body` text COLLATE utf8_unicode_ci DEFAULT NULL,
  `filename` varchar(255) COLLATE utf8_unicode_ci DEFAULT NULL,
  `size` int(11) DEFAULT NULL,
  `metadata` longtext CHARACTER SET utf8mb4 COLLATE utf8mb4_bin DEFAULT NULL,
  `created_at` datetime DEFAULT current_timestamp(),
  `updated_at` datetime DEFAULT current_timestamp() ON UPDATE current_timestamp(),
  PRIMARY KEY (`id`),
  KEY `user_id` (`user_id`),
  KEY `media_type_id` (`media_type_id`),
  CONSTRAINT `media_ibfk_1` FOREIGN KEY (`user_id`) REFERENCES `users` (`id`),
  CONSTRAINT `media_ibfk_2` FOREIGN KEY (`media_type_id`) REFERENCES `media_types` (`id`)
) ENGINE=InnoDB AUTO_INCREMENT=101 DEFAULT CHARSET=utf8 COLLATE=utf8_unicode_ci;

INSERT INTO `media` VALUES ('1','1','1','Nostrum iste dolorum dolor dolores fuga sit et. Animi ut dolorum porro molestiae nostrum aut itaque. Maiores autem occaecati facilis non omnis doloribus. Aut rem placeat cum doloribus. Est dignissimos placeat quo eos explicabo.','sit','0',NULL,'1973-03-19 10:23:50','2009-02-21 15:29:10'),
('2','2','2','Repellat veniam ipsum consequuntur saepe molestias dolores aspernatur. Rem sunt vel quibusdam fugiat voluptatibus accusamus corrupti. Repellendus enim impedit pariatur cumque amet unde. A magnam sapiente voluptatem sint.','similique','42837',NULL,'1991-02-03 18:21:06','1973-12-15 07:10:45'),
('3','3','3','Illum officiis aperiam eligendi et cupiditate consectetur reprehenderit. Rerum asperiores eum quibusdam deserunt. Laborum et nobis qui qui officia praesentium temporibus eveniet. Et tempora tempora molestiae debitis tempora non.','natus','75',NULL,'2004-11-11 22:15:37','2010-07-11 20:43:21'),
('4','4','4','Necessitatibus est sunt non quia saepe. Cumque est voluptas perspiciatis ullam.','enim','107384739',NULL,'2019-09-17 02:07:58','1978-03-06 10:20:51'),
('5','5','5','Itaque aut natus aut magnam voluptatem alias. Est labore culpa ut perspiciatis magni illo. Officia omnis sit voluptatibus iste ab ea minima. Quod sit sit quidem in ut.','voluptatum','658',NULL,'1988-04-29 10:40:21','2000-11-01 19:37:08'),
('6','1','6','Officiis voluptatibus quis consequatur maxime praesentium sit. Eum unde perferendis optio dolorem voluptatem. Optio eum quam earum. Earum dolores enim quis laudantium et.','in','782425',NULL,'1986-12-10 11:20:39','1973-05-28 05:18:20'),
('7','2','7','Aut vitae quos nihil consequatur ducimus mollitia et. Atque doloribus ut reprehenderit repudiandae at ipsum. Sequi accusamus accusantium dignissimos voluptas.','iusto','908',NULL,'2002-08-30 03:44:53','1975-11-26 17:57:05'),
('8','3','8','Rerum pariatur eveniet omnis eum qui. Possimus est sed dolorem quidem animi aperiam molestias ipsam. Consequuntur aliquam sequi dolore rem dolorem nulla. Sapiente facere aut et asperiores maiores omnis.','ullam','5494953',NULL,'1975-10-06 00:34:40','2013-08-14 15:20:57'),
('9','4','9','Autem iure enim explicabo nisi labore non repellendus. Labore accusantium unde magnam sint debitis. Ducimus nemo est voluptas at.','sunt','4',NULL,'1989-06-20 12:24:00','1976-11-30 06:05:35'),
('10','5','10','Quae odit nemo non. Ea omnis odit ut totam. Eveniet doloribus tenetur ut ipsum ducimus quia possimus. Architecto cupiditate beatae est asperiores corporis velit dolorem numquam.','sit','3',NULL,'1972-02-19 22:29:09','1993-03-13 17:55:38'),
('11','1','11','Itaque aut vitae laudantium aut optio ut reprehenderit. Asperiores sequi velit quo in vel. Id labore tempore ut vero libero. Consequatur suscipit atque ut enim iure odit.','quae','697',NULL,'2004-11-09 12:02:07','1993-04-01 20:32:29'),
('12','2','12','Accusantium et vero in fugiat neque dolorem. Tempora ab corporis a exercitationem omnis ex consectetur. Praesentium deleniti fuga iste repellendus. Culpa quidem et enim quas occaecati.','repellat','2198',NULL,'1970-01-09 08:37:38','2015-11-30 02:21:21'),
('13','3','13','Molestiae ducimus modi dolore. Velit sequi ut rerum ratione. Laborum molestias quia exercitationem. Et eligendi qui omnis sapiente atque consectetur et. A vel corporis quis.','fugit','507329',NULL,'1998-06-19 17:05:40','2013-11-12 10:59:16'),
('14','4','14','Beatae vitae rerum id voluptas ipsa earum. Quod earum rerum molestiae voluptatum. Deleniti laborum voluptatem optio molestiae aut quisquam. Expedita voluptas suscipit quis dolore cupiditate sapiente harum dolore.','accusantium','32647',NULL,'1998-10-27 17:39:59','1972-04-09 22:08:49'),
('15','5','15','Esse cumque amet saepe qui incidunt ex. Non quibusdam esse delectus nobis voluptas quod suscipit. Nesciunt minima ipsam numquam ut.','nihil','7769004',NULL,'2011-09-22 02:11:17','2019-10-18 18:04:17'),
('16','1','16','Qui et debitis harum non placeat est cum. Culpa perferendis natus vel nostrum. Quod ex rerum eos et qui at. Deleniti non iure quo aspernatur porro officiis aut.','doloribus','98841518',NULL,'1976-04-27 09:16:54','1985-04-20 07:18:33'),
('17','2','17','Labore quibusdam et quae et adipisci delectus porro. Vero distinctio distinctio omnis autem dolorem et. Odio rerum voluptas non praesentium et explicabo.','ea','0',NULL,'1982-06-04 00:12:30','1972-04-23 15:27:22'),
('18','3','18','Numquam sequi non assumenda ut nemo. Dolorem qui corrupti non illum et ut. Quidem officiis expedita ad veniam vero in.','voluptatem','79571',NULL,'1972-06-17 05:23:09','2012-07-23 16:34:53'),
('19','4','19','Magni rerum explicabo cumque facere harum et cupiditate. Impedit dignissimos consequatur beatae deleniti cum.','in','59',NULL,'1983-05-22 04:02:16','1976-04-04 13:03:30'),
('20','5','20','Sed qui culpa et et. Quisquam inventore eveniet facere eius voluptatem est debitis. Culpa a est ut quisquam rem. A voluptas esse sed eius voluptatem sit quidem omnis. Ut ut cupiditate sapiente odio.','voluptates','791',NULL,'1987-04-12 12:16:36','2009-04-28 14:55:35'),
('21','1','21','Qui ea esse sit rerum magni. Dignissimos tenetur consequatur voluptatem et. Id aut voluptas ab explicabo. Tempore autem porro animi ut. Ea sint nemo in.','eos','86219745',NULL,'1981-09-13 08:12:24','1986-08-06 00:53:12'),
('22','2','22','Id assumenda in id non consequatur omnis sit. Natus laboriosam repellendus consequuntur reprehenderit exercitationem doloremque quo voluptatem. Quidem dicta in exercitationem dolor maxime. Tenetur consequatur omnis quis beatae.','non','21088571',NULL,'2014-08-12 00:45:42','1986-10-04 15:15:48'),
('23','3','23','Tempore tenetur et quia nemo voluptatum sit. Consequatur rem nihil mollitia quia. Possimus ut sequi incidunt et at.','voluptas','941',NULL,'1991-04-28 16:10:13','1998-08-31 22:27:17'),
('24','4','24','Non nostrum tempora sunt suscipit sint porro illo. Eum rerum aut est voluptas officia repudiandae.','esse','529931',NULL,'1998-03-13 04:17:22','1979-05-07 03:00:20'),
('25','5','25','Facere numquam culpa iste sapiente reprehenderit. Quis dolorem explicabo perspiciatis laudantium ratione. Veritatis deserunt maxime quo tempora rerum repellendus voluptas eos.','dolor','8650280',NULL,'1980-08-04 05:51:04','1970-02-12 00:31:33'),
('26','1','26','Blanditiis dolorem nobis eligendi sequi earum ipsam rerum. Velit ducimus voluptates eaque itaque. Consequatur ipsa rerum voluptates officia dolore non asperiores. Magnam et ipsam non perspiciatis et vel.','a','919',NULL,'1970-03-17 00:37:13','2018-01-09 19:44:56'),
('27','2','27','Quasi nesciunt minus commodi dolorum dolorem dicta ea. Animi qui aliquid aut odio. Debitis accusantium non sunt.','tempora','205',NULL,'1981-10-15 05:04:49','1988-08-24 18:00:11'),
('28','3','28','Non est et voluptatem sit molestiae et. Ipsa omnis occaecati vitae facilis laudantium quod. Ea at sapiente voluptas voluptatem provident.','temporibus','680006',NULL,'1995-04-22 16:28:33','2015-03-07 00:33:12'),
('29','4','29','Dolore et et in ut unde et. Adipisci qui qui expedita error eos. Ut nisi quam voluptas atque autem. Ut laboriosam assumenda aut accusantium.','blanditiis','88194628',NULL,'1989-01-29 02:07:26','1989-06-06 02:54:24'),
('30','5','30','Voluptas reprehenderit repudiandae incidunt sunt qui sit aut. Aut omnis nisi sapiente dolores voluptas magni. Et eveniet tenetur dolorem natus.','suscipit','592286',NULL,'1975-02-16 06:22:00','1972-08-17 12:43:37'),
('31','1','31','Nihil tempore et iure ab laudantium. Maxime qui tenetur soluta beatae labore. Aperiam quis voluptatem qui sequi libero dolores et.','non','10762869',NULL,'2013-06-17 11:06:52','1985-06-02 22:33:58'),
('32','2','32','Suscipit tenetur nemo hic. Neque tempora distinctio voluptas error. Ea culpa ipsa quasi aperiam deserunt expedita.','minima','692',NULL,'1975-02-28 18:58:23','2018-02-24 01:01:52'),
('33','3','33','In suscipit nihil accusantium est. Repudiandae quaerat voluptatem est et dolorem assumenda. Sed sit dolores odio doloribus aliquam libero alias enim.','tempora','158455',NULL,'2007-10-13 11:57:13','2001-07-24 01:36:28'),
('34','4','34','Velit recusandae magnam quibusdam ut dolorem fuga quis. Culpa optio aliquam a natus perferendis veniam delectus. Qui suscipit voluptas ut ut. Dolorum est rerum aut molestiae assumenda natus aut.','sit','6222809',NULL,'2004-07-27 03:36:45','1993-07-04 13:04:48'),
('35','5','35','Minus inventore quis quo perspiciatis sed. Et dolorem aliquid impedit voluptas aut repellat deserunt. Neque minus quia culpa explicabo sed impedit perspiciatis dolorum. Nulla est occaecati est fugit sed qui. Eum cum deserunt nihil nobis nulla.','fugiat','0',NULL,'1985-12-08 03:44:48','1979-12-25 06:27:59'),
('36','1','36','Molestias modi atque ad animi. Reiciendis et labore sed dolor odio voluptatem. Maxime et est debitis magnam. Consequatur vel aut ut quis reprehenderit voluptatum qui.','reiciendis','4439',NULL,'2019-04-27 22:34:30','1996-03-19 23:57:39'),
('37','2','37','Nemo optio fugiat et quam maxime aut aliquid. Earum magni sint pariatur eos. Aut qui dolores eos omnis id dicta. Eum modi voluptas sunt numquam dolorum.','molestiae','6',NULL,'2004-05-30 09:45:27','1988-08-18 01:53:19'),
('38','3','38','Quaerat dolorem facilis dolore ea rem. Ea vel nam voluptates sed. Voluptatem et voluptatem ullam voluptas in expedita. Ut quod est quo fugit non rerum.','voluptatum','0',NULL,'1987-09-15 05:44:47','2002-12-19 19:54:45'),
('39','4','39','Saepe error culpa quisquam voluptas. Est ut quo vitae harum perferendis amet. Sequi est natus mollitia rerum.','est','5',NULL,'1998-08-06 01:58:45','1998-06-01 10:21:37'),
('40','5','40','Natus qui dolore fuga et sunt ratione. Molestiae corrupti qui iste dolore et.','sint','37365491',NULL,'2008-10-06 18:04:14','2011-10-15 01:11:04'),
('41','1','41','Ut inventore perferendis ut eius sunt occaecati. Id quam laborum eum dolor vitae alias. Et facilis aut itaque voluptatem explicabo molestiae. Nulla hic saepe dolores expedita est.','fuga','75843660',NULL,'1994-10-11 07:40:43','1991-09-02 10:22:33'),
('42','2','42','Ipsa minima repellendus aut est corrupti sint. Accusamus aut itaque et dignissimos laudantium omnis. Voluptates sapiente consequatur sit voluptas. Molestias fuga omnis ipsum deleniti.','hic','97853196',NULL,'2006-10-03 16:28:30','2017-10-18 22:14:37'),
('43','3','43','Beatae tempore sed provident voluptatem ipsum. Non voluptatibus aut sunt rerum voluptatem praesentium quas. Pariatur maxime eveniet molestias nulla dolor rerum molestias.','sit','2124827',NULL,'1986-12-27 05:56:08','1995-02-02 04:12:37'),
('44','4','44','Ut doloribus quae soluta voluptates quisquam eum rerum. Asperiores culpa nostrum ipsum eum dolorem enim. Eligendi et quos dolorem sed totam. Ipsam adipisci sit illo odio.','eaque','658',NULL,'2019-07-19 11:19:15','1993-06-03 14:33:02'),
('45','5','45','Ut numquam sed blanditiis sed rerum harum qui. Est aut quaerat esse sapiente. Enim soluta sapiente quia consequatur.','aliquid','32765719',NULL,'1997-10-31 21:07:23','1980-10-26 14:19:27'),
('46','1','46','Ex sunt velit corrupti est et. Reiciendis aliquid earum sit repellat velit voluptas placeat. Eius praesentium delectus tempora qui quaerat dolores deserunt.','aspernatur','0',NULL,'2003-09-01 22:22:31','2011-12-20 14:23:31'),
('47','2','47','Ipsa eos id nam voluptatem qui mollitia. Vero dolore consequuntur quis ea. Placeat et ducimus provident ipsum ut voluptas numquam.','voluptas','6',NULL,'2007-04-26 06:19:27','1998-06-17 14:33:44'),
('48','3','48','Accusamus libero vel voluptatem similique nobis. Pariatur quasi dicta earum sed. Laboriosam error sint est aspernatur atque. Aspernatur ipsa suscipit illo libero consequatur quia totam.','nisi','648060',NULL,'1973-04-25 13:43:22','2004-09-19 05:54:59'),
('49','4','49','Ullam quia autem delectus cum voluptas autem ex vel. Deleniti temporibus ipsum voluptas qui. Porro voluptas vel ad vel autem. Voluptates vero itaque eaque dolores magni. Perferendis deserunt eveniet reprehenderit est.','rerum','80333',NULL,'2005-01-05 12:45:36','1997-07-09 12:13:23'),
('50','5','50','Ut laborum dolores quis animi quia iste vel. Accusamus fugit ex cupiditate et. Iusto impedit enim quas rerum.','libero','0',NULL,'2019-10-28 05:31:38','2001-04-04 04:18:38'),
('51','1','51','Ut accusantium quam odit odio animi. Natus aut eum vitae ut ut dolorum repellat. Architecto totam est autem nihil natus voluptas qui et. Non sequi est sunt corporis.','quibusdam','0',NULL,'1982-03-23 01:11:39','2005-05-25 07:57:22'),
('52','2','52','Iusto perspiciatis quia quia voluptatem quidem iste. Dolores eaque quia quae iste. Autem aut aspernatur perferendis aspernatur voluptatum sit. Quis illo et voluptas praesentium ut ad eligendi odio.','ut','8',NULL,'1982-02-03 20:37:54','1975-09-22 05:12:27'),
('53','3','53','Ratione placeat doloremque dolores officiis ut. Sed dolor nemo eos optio quo et voluptatem eveniet. Inventore accusantium cum ut nihil id. Quae ea itaque laudantium quis.','cupiditate','4120',NULL,'1994-03-28 20:13:46','1980-02-15 15:58:03'),
('54','4','54','Animi et veritatis aut dolores. Libero ut aut doloribus ad. Id sunt incidunt officiis ut dolores vitae eos suscipit. Ullam aliquid dolores maxime nisi quia.','ea','1400647',NULL,'1996-11-15 21:29:18','1991-01-28 07:51:38'),
('55','5','55','Consequatur temporibus voluptatem in sit voluptate mollitia qui. Qui incidunt quis quia sapiente ut est ad eius. Dolorum eligendi minus nesciunt tenetur aspernatur beatae libero. Beatae deleniti eos corrupti dolores iste.','voluptas','9390',NULL,'2014-11-19 03:25:35','2018-10-09 12:13:49'),
('56','1','56','Consequatur velit inventore deserunt numquam sint. Officiis quod aut et sit sapiente. Natus eos et dignissimos laborum officia voluptas reprehenderit et. Illo enim et earum in veritatis nihil eos. Vitae reiciendis nam qui optio dolor.','laboriosam','0',NULL,'2004-03-06 01:55:18','1991-07-26 06:28:21'),
('57','2','57','Reiciendis sed reiciendis rem ipsam sit. Suscipit est est consequatur velit ut est. Nam tenetur qui rerum. Mollitia qui inventore fugiat est ex.','accusantium','0',NULL,'2018-10-12 23:01:39','1984-11-27 15:41:28'),
('58','3','58','Laborum id ducimus qui. Minima quod facilis accusantium velit corrupti inventore velit. Deserunt at quae sequi dolores.','quod','0',NULL,'2017-03-31 22:03:36','2011-11-13 18:35:44'),
('59','4','59','Adipisci voluptatum tempore laborum autem. Eos neque rerum fugit et natus.','assumenda','60377',NULL,'2013-09-11 18:06:06','2017-07-17 01:45:40'),
('60','5','60','Voluptatem est et incidunt voluptatem facere. Maiores aspernatur quia quas expedita omnis. Alias perspiciatis accusamus ipsa reiciendis occaecati in. Nam dolor mollitia voluptatem.','repellat','376824647',NULL,'2008-07-23 18:16:40','1981-07-21 18:34:14'),
('61','1','61','Maxime necessitatibus iusto et est eveniet ea sapiente rem. Harum voluptas aut aut fugit et sit. Dolorum consequatur dolores ab sit asperiores cupiditate et. Architecto et ea qui quisquam natus.','asperiores','57',NULL,'1982-12-10 17:36:33','2004-02-22 14:52:39'),
('62','2','62','Suscipit minima nulla voluptatem perferendis architecto est. Nobis eos aspernatur dolorum maxime aut. Et ullam quia excepturi. Dolor ex laborum fuga autem qui qui architecto.','aut','18',NULL,'2016-03-02 06:43:40','1975-09-05 03:15:25'),
('63','3','63','Facilis nisi dignissimos et nesciunt consequatur vitae. Facilis hic consequatur sed illum hic non sit quis. Voluptas doloribus ullam ut corrupti dignissimos. Sed a id suscipit.','recusandae','745365477',NULL,'1971-11-07 14:15:17','2007-12-07 22:38:11'),
('64','4','64','Veritatis voluptatem sunt assumenda molestiae aut. Eum odio cumque fuga reprehenderit temporibus. Inventore repellat adipisci reprehenderit id quam necessitatibus. Harum autem provident non harum sequi eius.','corporis','0',NULL,'1990-03-27 09:13:00','2006-08-22 04:55:33'),
('65','5','65','Exercitationem voluptate nisi quisquam quaerat. Corrupti qui enim quaerat doloremque rerum nisi. Tempora dolores eius debitis animi. Sit quisquam corrupti et enim voluptatem. Ut veniam vero explicabo eaque sed tempore omnis.','omnis','478101735',NULL,'2001-01-19 06:49:20','2005-10-16 06:01:12'),
('66','1','66','Quia placeat et porro nostrum voluptatem sint. Ut quis harum suscipit sunt et temporibus asperiores. Qui voluptates est quos soluta occaecati voluptatem. Quibusdam alias unde molestias nesciunt molestias non amet.','sed','0',NULL,'2014-08-17 10:48:28','1996-01-06 04:40:06'),
('67','2','67','Amet ipsa et nemo animi blanditiis. Possimus cumque reprehenderit qui similique soluta labore. Minus laboriosam eum voluptate. Asperiores iusto quia est est. Molestias iste optio quae officia sint delectus.','qui','6419947',NULL,'2000-06-03 17:45:12','1970-10-05 15:11:31'),
('68','3','68','Quibusdam sed eum deleniti incidunt dolore sed. Debitis sit quia veniam in at. Quisquam aut in dolor corporis et. Enim aut voluptatem qui non molestiae enim at.','rem','121',NULL,'2016-03-21 03:59:54','1974-11-23 12:43:28'),
('69','4','69','Odit eos aut eum est non ea quas. Aperiam ducimus possimus voluptas. Eveniet et nisi quae tempore est sit.','excepturi','421253',NULL,'2013-02-24 19:53:49','1995-01-27 00:22:34'),
('70','5','70','Magnam et atque quasi ut explicabo quis beatae. Repellendus nam consequatur voluptatibus cum occaecati. Voluptas ut illum non. Exercitationem aut vero ipsum exercitationem culpa et in.','distinctio','587',NULL,'1977-08-01 02:02:14','1982-08-19 22:49:18'),
('71','1','71','Et rerum sit et debitis. Voluptatem et hic neque praesentium impedit fuga dignissimos. Vero dolor beatae sed aliquam est.','et','0',NULL,'2003-05-04 02:12:34','2005-08-02 14:11:43'),
('72','2','72','Voluptatem amet fuga accusantium earum dolore. Ex qui voluptate tempore optio nulla nemo omnis vel. Est vitae repellat animi et accusantium dolorem.','nostrum','18',NULL,'1990-12-05 12:39:17','2000-08-31 03:18:44'),
('73','3','73','Sed qui enim ut. Necessitatibus commodi qui non voluptates dolorum optio soluta. Facere veritatis eius explicabo sit et deserunt. Rem repellendus ipsam sunt.','sunt','148',NULL,'2002-01-18 10:47:52','1998-01-03 12:43:03'),
('74','4','74','Odit et ea nemo aut fugit quia impedit. Voluptas voluptas asperiores in consequatur itaque sit. Aut dolore rerum nesciunt velit est accusamus in.','commodi','2367321',NULL,'1997-08-27 03:24:36','1977-09-10 18:17:36'),
('75','5','75','Unde aut tenetur sit rem voluptates et molestiae. Ex voluptatibus fugit tempora et consectetur velit reprehenderit.','mollitia','3',NULL,'1977-09-21 16:28:08','2017-10-17 11:55:34'),
('76','1','76','Dolor soluta nesciunt perferendis voluptatem sint modi. Quia quis sunt exercitationem ea sint. Est eaque qui est sit adipisci cum dolor. Id doloribus molestiae ea.','aliquam','809',NULL,'2010-08-17 08:22:25','2012-02-10 21:50:05'),
('77','2','77','Nisi nihil quas iste ipsa. A magni tenetur omnis vel odit rerum.','perspiciatis','386',NULL,'2013-12-29 09:21:44','2009-01-22 17:35:14'),
('78','3','78','Omnis amet ut sit voluptatem vero debitis aspernatur. Nobis aut aspernatur magni autem aut provident aliquam. Maiores possimus ipsam sunt. Iste eos voluptates ut assumenda quia.','quos','3596',NULL,'2009-04-16 04:32:05','1974-08-27 08:17:20'),
('79','4','79','Quis voluptate nesciunt aut debitis natus. Quae ipsa error molestiae.','unde','1921',NULL,'2016-05-07 16:17:16','2015-02-27 17:17:07'),
('80','5','80','Et dignissimos asperiores odio nostrum rem qui aperiam minus. Voluptate consequatur beatae non asperiores voluptatem. Ullam fugiat quidem fuga sed ut.','accusantium','237',NULL,'1992-01-03 16:25:52','2004-06-30 15:05:29'),
('81','1','81','Occaecati velit quo animi libero animi id. Aliquam fugit fuga qui qui et quas. Vel quas earum quidem nulla error. Est voluptas ducimus nemo porro soluta. Aliquid accusantium voluptate perspiciatis corporis sit sit illum quis.','magni','7734605',NULL,'1971-10-04 20:16:34','1996-06-17 15:16:47'),
('82','2','82','Iure aliquam eos occaecati ut. Beatae quia ea dolorem repellat. Laboriosam quaerat in quasi nihil atque voluptatem expedita. Provident adipisci ut est voluptas tempore omnis.','voluptatem','2238239',NULL,'1972-06-20 18:41:07','1975-05-02 10:27:00'),
('83','3','83','Vel ullam adipisci voluptatum ex et aut rerum illum. Sint minus est sint amet quod doloribus. Quidem sequi quisquam consequatur quaerat dignissimos.','temporibus','9794',NULL,'2001-09-23 12:30:58','1992-09-13 22:21:50'),
('84','4','84','Voluptas eligendi in mollitia et dolorum saepe. At omnis sequi et et ab quam error. Voluptas doloribus quisquam ut dolores. Sed ab a mollitia.','et','830',NULL,'2007-07-14 04:03:58','1988-05-28 04:10:03'),
('85','5','85','Commodi consequatur molestiae dolor quos voluptas enim. Quo distinctio id fugit sint. Expedita nihil maiores enim quae neque error.','totam','682',NULL,'2005-11-24 11:48:26','2019-02-01 23:03:54'),
('86','1','86','Sit consequatur aut impedit quibusdam voluptas. Officia sit aliquid repellat autem quasi non. Voluptas iusto est sequi maiores aperiam praesentium nemo. Voluptatem ullam harum sed tempore voluptate. Praesentium quidem facere ut autem hic.','fuga','0',NULL,'1999-07-21 04:47:48','1982-03-07 14:01:05'),
('87','2','87','Vero nemo harum deleniti libero voluptate rerum. Voluptates eaque nobis ullam cumque dignissimos iure laborum ea. Omnis autem veniam unde. Reiciendis eaque temporibus voluptas.','natus','298162',NULL,'2014-04-16 17:49:36','2001-03-14 12:03:48'),
('88','3','88','Perferendis sit doloremque exercitationem. Harum ipsam rerum cum necessitatibus sapiente. Voluptatem vel nisi placeat voluptas sed quas. Facere maxime non necessitatibus quo soluta.','facere','560886',NULL,'1991-08-23 14:09:31','1974-01-10 01:48:31'),
('89','4','89','Dolorum est itaque alias consequuntur et. Voluptatem aliquid optio nihil ut est quia. Eum aliquid neque ratione laudantium.','recusandae','7',NULL,'1975-08-01 14:11:07','1973-04-20 18:24:30'),
('90','5','90','Culpa deleniti eum dolor quia omnis temporibus. Soluta quibusdam placeat ut aut aut rem est. Magnam qui error atque cumque. Dolorum occaecati omnis nam nesciunt molestias saepe necessitatibus facilis.','enim','9',NULL,'2011-03-06 05:07:03','1986-02-09 18:34:46'),
('91','1','91','Sit minus nihil cumque qui officia molestias ratione. Magnam consequatur voluptas rerum. Deleniti quidem aut qui sed dolor reiciendis mollitia eum. Nesciunt error ratione non vel.','ipsam','1',NULL,'1975-01-17 21:04:55','2019-08-04 15:22:05'),
('92','2','92','Odio facere consectetur non aspernatur qui voluptatem. Qui laboriosam vel nobis accusantium enim. Rerum velit sit qui enim maxime iure.','aut','657',NULL,'1999-10-20 17:44:15','2013-05-13 15:43:39'),
('93','3','93','Praesentium dolores consectetur id velit est dolorum aperiam ut. Alias voluptatem earum voluptatem debitis. Numquam et quis dolores accusamus. Qui ipsum nihil suscipit modi corrupti aut voluptas.','beatae','55931691',NULL,'1973-08-27 08:51:02','1982-11-27 07:16:05'),
('94','4','94','Doloremque velit temporibus enim laborum et quos iste. Quia id repellendus dolorum atque quia odio dolorem. Eveniet et sint et temporibus et. Iure provident tempore facere nam ut dolor.','totam','79640418',NULL,'1996-11-18 02:34:40','1978-05-14 05:20:39'),
('95','5','95','Error nisi sed sed ipsum. Aperiam qui expedita illum rerum ut minima. Voluptatem vel vel repellat molestias.','repellendus','622189502',NULL,'2009-10-24 15:15:04','1992-04-19 16:38:19'),
('96','1','96','Repudiandae et dolorum aut pariatur voluptate. Quos atque officiis modi eum eum eos eligendi. Numquam et sed officia quisquam totam ut eaque voluptas. Eos omnis dolore ut veritatis atque ut. Quibusdam deserunt eius accusantium sit quisquam debitis.','numquam','2',NULL,'2019-11-15 10:52:45','2008-05-11 22:36:24'),
('97','2','97','Qui repellendus repellat autem natus placeat illo. Et veniam vel omnis commodi id ut ut eveniet.','autem','789',NULL,'2000-08-19 15:39:34','1996-03-08 14:00:36'),
('98','3','98','Molestiae fugit doloribus quisquam esse dolores. Sit iste culpa mollitia autem. Voluptatum consequuntur qui sit aut similique a.','eum','9129536',NULL,'1976-01-18 23:00:38','2000-10-21 02:42:57'),
('99','4','99','Maiores odit voluptates occaecati a. Asperiores deserunt velit voluptatibus qui aut alias. Est sit atque eius facere et est temporibus veniam.','ipsam','862987',NULL,'1978-12-23 21:26:30','1983-09-24 15:19:04'),
('100','5','100','Rerum ratione voluptate exercitationem saepe aliquid dolore. Qui sunt inventore itaque molestiae assumenda at. Sed quis minima similique.','placeat','7242',NULL,'1992-06-09 08:53:41','1999-12-01 21:22:03'); 


DROP TABLE IF EXISTS `media_types`;
CREATE TABLE `media_types` (
  `id` bigint(20) unsigned NOT NULL AUTO_INCREMENT,
  `name` varchar(255) COLLATE utf8_unicode_ci DEFAULT NULL,
  `created_at` datetime DEFAULT current_timestamp(),
  `updated_at` datetime DEFAULT current_timestamp() ON UPDATE current_timestamp(),
  PRIMARY KEY (`id`)
) ENGINE=InnoDB AUTO_INCREMENT=6 DEFAULT CHARSET=utf8 COLLATE=utf8_unicode_ci;

INSERT INTO `media_types` VALUES ('1','qui','1974-12-18 05:52:18','1980-11-30 03:17:05'),
('2','et','2006-01-03 23:53:47','2011-01-02 18:20:07'),
('3','suscipit','2004-08-16 14:09:27','1992-12-10 21:22:41'),
('4','neque','2008-09-18 20:38:35','1997-07-17 12:08:27'),
('5','est','2007-06-25 08:50:25','1980-05-29 15:56:00'); 


DROP TABLE IF EXISTS `messages`;
CREATE TABLE `messages` (
  `id` bigint(20) unsigned NOT NULL AUTO_INCREMENT,
  `from_user_id` bigint(20) unsigned NOT NULL,
  `to_user_id` bigint(20) unsigned NOT NULL,
  `body` text COLLATE utf8_unicode_ci DEFAULT NULL,
  `created_at` datetime DEFAULT current_timestamp(),
  PRIMARY KEY (`id`),
  KEY `messages_from_user_id` (`from_user_id`),
  KEY `messages_to_user_id` (`to_user_id`),
  CONSTRAINT `messages_ibfk_1` FOREIGN KEY (`from_user_id`) REFERENCES `users` (`id`),
  CONSTRAINT `messages_ibfk_2` FOREIGN KEY (`to_user_id`) REFERENCES `users` (`id`)
) ENGINE=InnoDB AUTO_INCREMENT=101 DEFAULT CHARSET=utf8 COLLATE=utf8_unicode_ci;

INSERT INTO `messages` VALUES ('1','1','1','Voluptates voluptas impedit similique veritatis qui. Non et quasi sit nihil minus ipsa magni. Non delectus assumenda tempore eum.','2012-06-09 00:02:18'),
('2','2','2','Consequatur magni eius in quos quia et. Sequi ut consequatur ut. Esse quasi unde necessitatibus atque mollitia.','1971-04-22 19:16:58'),
('3','3','3','Adipisci maxime dolor iusto et nostrum est recusandae. Ipsum quia fuga alias facere est et maxime. Ab ipsum sapiente expedita est est autem.','1999-01-20 15:54:44'),
('4','4','4','Quia ducimus in nulla expedita sit. Voluptas nisi quas commodi sunt voluptate. Non quae velit commodi asperiores.','1974-05-24 17:48:49'),
('5','5','5','Saepe aut recusandae deleniti ipsa aliquid beatae consequatur dicta. Qui molestias autem voluptas enim earum eligendi omnis. Consequuntur explicabo nulla aut est est. Quae eos quia eos suscipit enim quia sint.','2011-03-18 15:59:44'),
('6','6','6','Nobis ad sint est. Facilis atque quas est sit hic. Quos tempore autem ut quas. Modi necessitatibus nemo temporibus id.','1986-07-25 12:34:23'),
('7','7','7','Tempore aut fugit exercitationem dolorem. Voluptates iure enim consequatur ea qui ab ipsum. Ratione exercitationem nesciunt soluta expedita.','1979-04-30 23:08:48'),
('8','8','8','Et voluptas aut officiis eius ut adipisci. Mollitia eveniet id facilis doloribus inventore et sit et. Esse libero repudiandae dolor nihil quia aut quaerat architecto. Maiores quod ut aut voluptas fugit quisquam.','2015-12-26 04:09:29'),
('9','9','9','Et nihil nesciunt consequatur est. Iste ut asperiores velit dignissimos. Aperiam unde dolorem consequatur consequatur perferendis. Reprehenderit autem ut tempore necessitatibus et maiores et molestiae. Et rerum dolore itaque quidem.','2006-11-22 02:42:57'),
('10','10','10','Amet in voluptatem veritatis odio maxime. Quo consequatur vero totam animi. Doloribus quis sed amet veritatis voluptatem temporibus suscipit repellat. Non voluptates sit vel qui minima quis rerum.','2010-08-30 04:14:02'),
('11','11','11','Autem impedit quae harum qui nisi voluptates ea. Sed incidunt magni qui omnis perferendis. Ullam ipsam et voluptatem eum.','1985-02-20 04:20:42'),
('12','12','12','Maxime porro et rerum asperiores unde. Ullam voluptates nesciunt et maxime est veniam alias. Libero laboriosam accusantium tempore corrupti. Voluptas nisi voluptatum dignissimos non voluptatem consequatur quam doloremque.','1986-02-24 23:46:33'),
('13','13','13','Doloribus sint consequatur voluptas rerum eaque repellendus unde. Maxime officia doloremque repudiandae itaque quasi ut fugiat. Sed dolores aspernatur ut dolores aut.','1986-11-24 06:45:53'),
('14','14','14','Modi eaque quis nesciunt eveniet autem enim. Qui dolor tenetur praesentium illum omnis qui. At non dolores autem in eos nihil.','1986-03-08 17:51:57'),
('15','15','15','Quisquam deserunt aperiam quas quasi sunt beatae qui. Expedita voluptatem voluptate quae officia adipisci. Possimus itaque et illo occaecati omnis ipsum. Ab et ullam et delectus. Modi qui perspiciatis quibusdam eum.','1999-02-17 21:16:58'),
('16','16','16','Fugiat culpa saepe enim ex error nihil debitis. Accusamus praesentium pariatur quam quae ipsam. Incidunt facilis vel corporis ut sed itaque qui. Modi omnis culpa quis ut libero.','1978-02-17 09:11:35'),
('17','17','17','Molestias culpa culpa voluptate necessitatibus. Esse totam praesentium esse animi dicta necessitatibus ut. Magnam voluptate non error fuga aut.','1996-11-13 18:39:21'),
('18','18','18','Sunt officia tenetur alias iusto. Voluptatem commodi sint dolorem dolores quis voluptates aperiam. Rerum ex cumque est est et ex quisquam pariatur. Temporibus ratione modi ut aut ex.','2016-05-01 23:38:59'),
('19','19','19','Illum vel facere ea qui laboriosam sit alias et. Ullam molestias quos consectetur. Eos iure nesciunt commodi dolores voluptatem. Velit porro nisi autem aut aut.','2017-03-08 12:46:54'),
('20','20','20','Nesciunt fugit similique distinctio est provident expedita. Suscipit voluptates quia et aut expedita. Aut ex quia magnam sed quia aut.','1987-06-12 15:19:18'),
('21','21','21','Nesciunt vel labore porro impedit id nihil. Nemo impedit rem earum est similique. Voluptatibus architecto dolores eaque illum asperiores non. Officia omnis minus culpa.','2004-11-17 09:23:27'),
('22','22','22','Pariatur occaecati et blanditiis enim sint est. Nesciunt saepe aliquam enim nulla. Quod neque rerum consequatur quia nesciunt perferendis eum est. Amet voluptatibus ipsum sit in.','1988-02-26 00:22:19'),
('23','23','23','Voluptas unde expedita quod qui provident. Quia a quis deleniti recusandae ut. Laboriosam sit accusamus asperiores vel doloribus dolores et. Sed fugiat consequatur modi voluptas voluptatem.','1970-09-24 08:24:14'),
('24','24','24','Est quasi voluptatem et odit ex. Sint alias officia aut enim est. Consequatur quia fugit ea et placeat recusandae qui. Esse aperiam aut deleniti doloremque similique iusto.','1975-01-08 00:25:27'),
('25','25','25','Minus expedita odit ullam vitae assumenda at et dolorem. Accusamus velit nemo voluptatem libero vero nihil perspiciatis. Et eos repudiandae aut reiciendis maiores laboriosam.','2001-08-22 18:14:02'),
('26','26','26','Nisi et commodi itaque cumque. Consequatur earum non assumenda minima harum mollitia libero. Ipsum aut odio illum sit aut velit repudiandae. Maxime soluta aspernatur sunt. Facilis autem dolorem fugiat minus animi.','1999-06-28 21:26:56'),
('27','27','27','Atque nam praesentium est distinctio at. Mollitia nihil dolores et. Architecto nulla rerum accusamus aut et consequuntur quia.','1973-11-12 05:23:59'),
('28','28','28','Dicta provident repudiandae fugit. Veritatis at hic ut quisquam. Vitae labore est voluptas et.','1992-05-30 05:39:33'),
('29','29','29','Impedit autem atque omnis quae praesentium tempore. Expedita id ex magni. Dolor molestiae autem non et aut quos nostrum.','1989-05-11 07:23:37'),
('30','30','30','Nam pariatur eos fugit voluptatem dignissimos quos aut sapiente. Eum doloribus amet vitae a numquam. Enim atque odit nobis optio unde.','1992-10-16 09:41:51'),
('31','31','31','Ipsam est voluptas consequatur quas. Aut vel dolore totam corrupti aliquid reiciendis modi. Aut nostrum impedit suscipit eum ut sed.','2014-12-06 05:15:26'),
('32','32','32','Cumque sed ullam error expedita delectus facilis praesentium rerum. Velit ratione excepturi laudantium reiciendis. Est fuga corrupti molestiae aut enim nobis. Quas pariatur minima voluptatem ab aliquid cumque.','1997-09-22 14:15:34'),
('33','33','33','Ab laudantium laudantium vel quo earum aut laborum. Similique animi et odio dolore beatae earum. Sit numquam eos dignissimos distinctio et.','1997-10-05 15:36:35'),
('34','34','34','Consequatur assumenda iste beatae. Esse voluptas quia vero rerum dolor. Sed iste magnam aut quo. Reiciendis aut sunt consequatur exercitationem nihil perspiciatis quae aut. Rerum neque repellendus labore amet animi molestiae.','1989-01-08 08:03:25'),
('35','35','35','Minima nesciunt minima pariatur quas odit illo ullam. Ad dolor cumque ducimus temporibus expedita minima enim corporis. Sunt reiciendis asperiores aut. Voluptatem minus autem et veniam sit aut quaerat. Id sed voluptatem dolore architecto velit earum ducimus.','1980-09-02 07:36:21'),
('36','36','36','Dicta autem magni ut non. Et dolor nihil quis at ad pariatur. Ut sint a dolor illum. Non omnis qui soluta voluptatem non est.','1996-06-11 23:49:03'),
('37','37','37','Iure blanditiis molestias et totam repudiandae. Beatae architecto culpa reprehenderit ad praesentium. Ratione sit dolor et maiores eveniet officiis officia.','1985-08-11 23:37:06'),
('38','38','38','Nostrum beatae repellat et qui qui. Harum dolorum nihil et praesentium assumenda est aliquid. Atque reiciendis pariatur minus architecto laborum.','2014-01-10 16:35:07'),
('39','39','39','Et et sunt libero harum praesentium accusantium nihil. Quam similique qui pariatur eum magni. Distinctio molestiae adipisci atque earum nesciunt suscipit sit.','2002-09-27 00:05:08'),
('40','40','40','In culpa in et sit. Natus excepturi excepturi porro sequi. Ea voluptatibus voluptate excepturi nesciunt. Quae odit voluptatem quia quis et necessitatibus neque iste. Dolores eum ut similique vitae neque numquam illo.','1974-09-08 02:02:06'),
('41','41','41','Rerum voluptatem repellat aut quod. Aut dicta perspiciatis ex at expedita a. Quia nostrum excepturi autem.','1992-04-08 08:53:27'),
('42','42','42','Quos et suscipit accusamus sunt vero quasi. Nam excepturi quasi et odio iste culpa quisquam. Officia nobis dolore magni porro voluptas id nesciunt. Dolor suscipit nam qui aperiam qui ut.','2007-08-06 23:51:21'),
('43','43','43','Rerum at atque a possimus impedit. Id dolor necessitatibus eligendi adipisci minus rem labore quaerat. Dolores fugiat repudiandae facere molestiae. Velit qui optio dolor sit dolores optio.','2004-01-02 00:52:33'),
('44','44','44','Aut eos iste nam est et quia tempora. Occaecati omnis aut ut hic quasi aut. Fugiat nam corrupti tempora aut. Ea harum neque labore non.','2018-03-18 00:47:42'),
('45','45','45','Itaque minus qui rerum at. Veniam iure debitis dolorem dolore sit doloribus ea. Officia alias corrupti odit in illum nulla alias. Consectetur quibusdam vero adipisci adipisci.','2004-08-16 18:50:38'),
('46','46','46','Sint magnam sit eum aut repellendus magnam. Culpa rerum ut expedita iure voluptatum consequatur. Reprehenderit esse facilis aut eum et delectus qui.','1995-12-06 22:37:07'),
('47','47','47','Voluptates non aut id doloremque numquam sit. Beatae sequi voluptates eius ut numquam iste eius.','1975-12-23 07:43:29'),
('48','48','48','Sint qui nihil iure magnam animi. Facilis facere ducimus illo quidem voluptate quisquam et architecto. Accusamus possimus atque delectus et voluptatem.','2017-04-16 04:48:54'),
('49','49','49','Consequatur qui asperiores explicabo at est. Sequi accusamus laudantium rem porro.','1996-05-11 04:13:48'),
('50','50','50','Consequuntur error esse dolore placeat voluptatem officia autem. Unde qui quibusdam in consequatur exercitationem quasi ullam. Vitae placeat deserunt nesciunt harum et dicta quis dolorem. Similique voluptas magnam ab voluptate officiis et eius.','1980-01-28 06:12:47'),
('51','51','51','Laudantium in eum nobis non voluptatem sit. Sit sapiente quod nobis sapiente esse et. Sunt nobis nam natus officiis laboriosam.','2017-05-22 15:22:24'),
('52','52','52','Sit atque ut non. Et ut enim qui omnis sunt velit aut.','1994-06-23 01:16:53'),
('53','53','53','Rem sed enim est rerum eos est. Repellat voluptatem repellendus expedita cupiditate. Eligendi error mollitia perspiciatis omnis dolores.','1986-08-10 22:32:02'),
('54','54','54','Cupiditate eveniet cum est a tenetur. Dicta omnis sapiente sit natus similique saepe tenetur. Doloremque ducimus ab sed. Error non nulla autem et natus nemo.','2010-08-12 12:53:59'),
('55','55','55','Facere qui nihil velit illum est est qui. Earum harum velit possimus vitae voluptas eligendi. Consequatur porro veniam nihil delectus. Dolorem accusantium magnam voluptas.','1980-08-22 02:57:41'),
('56','56','56','Suscipit expedita dolor vel qui et omnis. Qui minima dolorem delectus dicta cupiditate. Et qui velit asperiores minus temporibus dignissimos. Sunt ipsum laborum ea dolores dolore quibusdam assumenda.','2009-05-22 07:56:15'),
('57','57','57','Vero rem aliquam provident est. Sunt incidunt atque veniam natus omnis magni sit. Velit nemo natus doloribus sequi nam impedit.','2002-09-18 17:58:24'),
('58','58','58','Asperiores dolores deleniti veritatis labore excepturi recusandae. Maxime nostrum doloremque aut. Sed debitis consequatur numquam saepe eum assumenda.','1990-06-30 13:10:10'),
('59','59','59','Nulla deleniti suscipit in nemo libero dolor. Neque ratione ea accusamus id minus id. Totam nihil accusantium harum tempora quos sint. Natus commodi esse vero ut.','2010-03-16 21:47:02'),
('60','60','60','Non in ut aut ad totam laudantium voluptatibus. Eos quam molestiae ipsum et fuga temporibus veniam blanditiis. Qui laboriosam consectetur molestias qui.','1971-11-05 00:08:12'),
('61','61','61','Occaecati cum non qui aut facilis. Vel praesentium perspiciatis quaerat sint non exercitationem accusantium. Incidunt minima necessitatibus et veritatis eos omnis. Dolores officia ea iusto omnis cumque est.','2011-04-05 04:02:53'),
('62','62','62','Optio ab non exercitationem eos autem. Cum vel officia aut fugit autem laboriosam aliquam. Dolorum hic voluptatibus fuga et tempore illum ut. Sit facilis temporibus molestiae facere vero.','2001-07-11 21:06:34'),
('63','63','63','Velit aut nemo id est aut et. Aliquid ut quidem architecto sed perferendis et. Tempore fugiat ipsa aut adipisci explicabo. Quis odio perspiciatis dolorum quis autem temporibus.','1973-10-01 14:39:25'),
('64','64','64','Asperiores ipsa odio provident est a porro eveniet. Sequi qui molestiae hic maiores vero. Voluptatum ea unde velit sunt dolore explicabo. Quia a et excepturi a.','2018-08-17 09:32:50'),
('65','65','65','Pariatur eveniet corrupti saepe assumenda. Sint nobis explicabo similique qui ut. Officiis at eaque voluptas est iure ea. Et fugiat dolor nostrum dolor repudiandae voluptas.','2009-09-01 14:37:50'),
('66','66','66','Ut dolores ut a quidem quae nisi ad. In nesciunt maiores sit. Culpa et modi accusamus veritatis nemo cum corrupti. Provident sint et ut ad repellat. Cum quis quidem quam sit molestias.','1999-04-30 11:52:57'),
('67','67','67','Animi aut quam sint. Deserunt ea quae ut aut. Et facere qui necessitatibus assumenda rerum placeat nam id. Vel ipsam quasi veritatis quas. Unde ut odio ad ipsa nesciunt.','1981-06-08 05:36:58'),
('68','68','68','Vel magni nam consequatur ea dolor totam. Itaque eos natus voluptates officia optio. Voluptatem quasi odio quas ea.','1984-10-27 07:02:39'),
('69','69','69','Qui non illo illum voluptas neque atque deserunt. Nemo ut unde voluptatem et aperiam nulla quia sed. Hic consequatur voluptatem vel provident. Ipsa dolores ex quo consectetur atque tempore error.','1986-10-15 12:22:05'),
('70','70','70','Aut aperiam non quasi mollitia quia adipisci. Consectetur ut exercitationem sint officia. Harum quos alias non deserunt culpa iure.','1994-03-15 11:12:30'),
('71','71','71','Recusandae omnis et consequatur sequi sunt quisquam. Occaecati tempore voluptatem vel in id et perferendis. Assumenda qui voluptas reprehenderit qui accusantium. Vel fugit temporibus est laborum.','1992-05-31 05:58:46'),
('72','72','72','Temporibus optio vitae sit occaecati a consectetur reiciendis. Vel laborum ullam dolore eligendi vel harum. Beatae at magnam accusantium est sapiente magni.','1983-06-18 15:30:55'),
('73','73','73','Ab earum omnis et quas quia et alias. Cupiditate aut nisi dicta magni voluptatum porro esse. Ducimus aperiam unde inventore ex. Natus dignissimos sed numquam asperiores nostrum qui aliquam.','1981-03-08 22:30:51'),
('74','74','74','Consequatur aut consequatur asperiores voluptate vel. Aut dolorum enim qui. Quia at possimus totam voluptatum sed molestias voluptates. Facilis laboriosam molestiae quo eos.','1986-08-22 21:44:22'),
('75','75','75','Aut doloribus tempore beatae modi in. Dicta quidem modi eveniet perferendis voluptatem accusamus vero. Nostrum quia ut est cumque necessitatibus facilis qui. Aut iusto assumenda adipisci amet suscipit qui qui. Iusto quam numquam delectus eveniet harum voluptatibus molestias.','1973-01-25 10:52:08'),
('76','76','76','Et rem omnis est veritatis. Expedita sint voluptatum magnam. Omnis ut sit quia magnam.','1972-03-17 05:18:09'),
('77','77','77','Sit sequi pariatur asperiores quidem laudantium esse cum. Consequatur vitae quia fuga id. Repellat voluptate dolorum iusto aut.','2020-01-24 06:40:56'),
('78','78','78','Atque et cumque sunt assumenda qui tenetur enim. Doloremque quasi tempore voluptate explicabo dolorum voluptatem quibusdam. Dicta ipsum saepe eligendi officiis iure alias voluptas.','2010-10-02 02:31:01'),
('79','79','79','Reiciendis repudiandae nemo nesciunt aut esse. Perspiciatis rerum temporibus quam dolores vel. Qui quia commodi minima ex praesentium. Dolore fuga laboriosam animi laudantium consequatur. Autem vero natus deleniti accusantium delectus repellendus est.','2015-12-12 17:22:54'),
('80','80','80','Dicta consequatur neque non rerum ratione sunt laborum. Quia et praesentium accusantium exercitationem aliquam earum repellendus. Placeat sit temporibus quia voluptate magnam dolore. Esse qui expedita corporis maxime.','1973-01-16 19:10:59'),
('81','81','81','Iusto eius ducimus nemo aut error. Nam voluptatem vel eveniet sed voluptatem. Quibusdam odio id voluptas est qui.','2005-06-07 03:01:14'),
('82','82','82','Laborum molestiae nesciunt repudiandae et in commodi minima. Dicta autem veritatis voluptatem quae neque distinctio sunt. Et reprehenderit qui non et qui in laborum.','2002-01-16 07:35:33'),
('83','83','83','Dolor et non qui ut itaque qui beatae dolorum. Eveniet consequatur et quaerat ut in id fuga sed. Aspernatur expedita ratione odit dicta earum sunt. Hic neque tempore voluptatum ea.','2018-06-13 19:39:10'),
('84','84','84','Voluptatem sit reiciendis nisi impedit. Nihil qui provident omnis esse in. Fuga ea eaque rerum.','1975-09-16 11:30:28'),
('85','85','85','Officia et consequatur quibusdam. Numquam debitis ducimus blanditiis quia repellat aspernatur. Rerum pariatur temporibus et animi.','2017-03-18 02:41:34'),
('86','86','86','Et sit enim quisquam est officiis praesentium. Laborum aliquam occaecati non vel. Aliquam tenetur voluptatum est occaecati est consectetur ab.','2015-12-07 23:28:51'),
('87','87','87','Aliquid est eligendi minima et. Ratione ipsa ea eum et magnam ad officia repudiandae. Distinctio optio rem ipsam inventore repudiandae ab ut.','2019-01-07 07:10:35'),
('88','88','88','Consequuntur cumque mollitia qui nostrum quis. Doloremque architecto sed maiores omnis dolores. Sed nam praesentium nihil beatae qui et dolor.','2003-02-15 03:21:59'),
('89','89','89','Quo natus animi delectus. Sunt animi ipsa et consequatur suscipit est magni sed. Id nesciunt tempora et.','1980-11-18 09:58:18'),
('90','90','90','Excepturi ad labore non aliquid quaerat. Autem quia rerum distinctio voluptatem modi cumque. Vitae aut esse blanditiis sed alias. Soluta omnis molestiae eligendi eius doloribus.','1974-04-06 23:25:52'),
('91','91','91','Laborum voluptatem officiis qui et. Qui et dignissimos accusantium. Qui voluptatum error vitae praesentium accusamus. Qui enim labore temporibus distinctio.','2019-01-16 12:59:54'),
('92','92','92','Assumenda ullam error aperiam doloribus veniam quia. Saepe reiciendis nihil officia a. Corrupti debitis fuga velit dignissimos.','2016-09-03 02:36:09'),
('93','93','93','Deserunt enim totam sint exercitationem sunt. Sed dolor cupiditate id minus velit.','1975-08-21 07:42:29'),
('94','94','94','Fuga voluptates nesciunt est. Ducimus iure repellat nobis inventore dolores architecto quis. Est quia architecto dolorem vero.','2011-10-02 21:49:31'),
('95','95','95','Dolor odio est cumque omnis. Debitis quos magni dicta aut. In nisi dolores officiis. Et fugiat enim quod.','1990-11-20 10:39:26'),
('96','96','96','Temporibus voluptas voluptatum et et unde deserunt. Praesentium eaque nam reiciendis qui et sequi. Perspiciatis voluptate commodi aut cum architecto vel.','2001-09-12 19:01:54'),
('97','97','97','Necessitatibus perspiciatis quibusdam omnis ab aut. Id qui aperiam sequi. Expedita nostrum qui qui neque. Modi earum rerum totam quis numquam.','1977-04-26 20:49:50'),
('98','98','98','Dolorem quas dolore et. Est quia facilis quos id omnis. Aliquam maxime distinctio ut earum eos iste iste. Molestiae ut ipsa veniam tempora pariatur amet dolorem.','1996-08-16 21:34:51'),
('99','99','99','Doloribus illum nam non. Aut aliquam sit vel. Cupiditate aut voluptatem molestias officiis nobis consequatur quia. Et veniam aliquid quia recusandae.','2008-01-19 03:23:33'),
('100','100','100','Provident vel dicta officiis impedit expedita sit doloremque. Minima itaque est consequatur modi sed ut ut optio. Autem placeat sapiente cum quidem laudantium distinctio.','2017-12-22 03:46:05'); 


DROP TABLE IF EXISTS `photo_albums`;
CREATE TABLE `photo_albums` (
  `id` bigint(20) unsigned NOT NULL AUTO_INCREMENT,
  `name` varchar(255) COLLATE utf8_unicode_ci DEFAULT NULL,
  `user_id` bigint(20) unsigned DEFAULT NULL,
  PRIMARY KEY (`id`),
  UNIQUE KEY `id` (`id`),
  KEY `user_id` (`user_id`),
  CONSTRAINT `photo_albums_ibfk_1` FOREIGN KEY (`user_id`) REFERENCES `users` (`id`)
) ENGINE=InnoDB AUTO_INCREMENT=101 DEFAULT CHARSET=utf8 COLLATE=utf8_unicode_ci;

INSERT INTO `photo_albums` VALUES ('1','dolor','1'),
('2','illum','2'),
('3','neque','3'),
('4','eaque','4'),
('5','hic','5'),
('6','deleniti','6'),
('7','labore','7'),
('8','exercitationem','8'),
('9','et','9'),
('10','assumenda','10'),
('11','ipsam','11'),
('12','beatae','12'),
('13','tempore','13'),
('14','qui','14'),
('15','necessitatibus','15'),
('16','eum','16'),
('17','at','17'),
('18','perferendis','18'),
('19','esse','19'),
('20','deleniti','20'),
('21','odit','21'),
('22','aut','22'),
('23','sit','23'),
('24','dicta','24'),
('25','qui','25'),
('26','sed','26'),
('27','consequatur','27'),
('28','voluptatem','28'),
('29','debitis','29'),
('30','illo','30'),
('31','officia','31'),
('32','magni','32'),
('33','unde','33'),
('34','exercitationem','34'),
('35','ut','35'),
('36','sit','36'),
('37','architecto','37'),
('38','esse','38'),
('39','quos','39'),
('40','molestiae','40'),
('41','debitis','41'),
('42','soluta','42'),
('43','non','43'),
('44','tempora','44'),
('45','aspernatur','45'),
('46','unde','46'),
('47','eum','47'),
('48','quia','48'),
('49','aut','49'),
('50','ratione','50'),
('51','ut','51'),
('52','et','52'),
('53','aut','53'),
('54','et','54'),
('55','odio','55'),
('56','est','56'),
('57','unde','57'),
('58','et','58'),
('59','aut','59'),
('60','ex','60'),
('61','cum','61'),
('62','ea','62'),
('63','aut','63'),
('64','sed','64'),
('65','non','65'),
('66','sint','66'),
('67','molestiae','67'),
('68','consequuntur','68'),
('69','sint','69'),
('70','doloremque','70'),
('71','sit','71'),
('72','beatae','72'),
('73','consectetur','73'),
('74','quis','74'),
('75','odio','75'),
('76','unde','76'),
('77','deserunt','77'),
('78','similique','78'),
('79','iusto','79'),
('80','ex','80'),
('81','laudantium','81'),
('82','vero','82'),
('83','eos','83'),
('84','ad','84'),
('85','sed','85'),
('86','enim','86'),
('87','provident','87'),
('88','quod','88'),
('89','aut','89'),
('90','molestias','90'),
('91','nesciunt','91'),
('92','ea','92'),
('93','laborum','93'),
('94','doloremque','94'),
('95','voluptatem','95'),
('96','et','96'),
('97','enim','97'),
('98','impedit','98'),
('99','facilis','99'),
('100','in','100'); 


DROP TABLE IF EXISTS `photos`;
CREATE TABLE `photos` (
  `id` bigint(20) unsigned NOT NULL AUTO_INCREMENT,
  `album_id` bigint(20) unsigned NOT NULL,
  `media_id` bigint(20) unsigned NOT NULL,
  PRIMARY KEY (`id`),
  KEY `album_id` (`album_id`),
  KEY `media_id` (`media_id`),
  CONSTRAINT `photos_ibfk_1` FOREIGN KEY (`album_id`) REFERENCES `photo_albums` (`id`),
  CONSTRAINT `photos_ibfk_2` FOREIGN KEY (`media_id`) REFERENCES `media` (`id`)
) ENGINE=InnoDB AUTO_INCREMENT=101 DEFAULT CHARSET=utf8 COLLATE=utf8_unicode_ci;

INSERT INTO `photos` VALUES ('1','1','1'),
('2','2','2'),
('3','3','3'),
('4','4','4'),
('5','5','5'),
('6','6','6'),
('7','7','7'),
('8','8','8'),
('9','9','9'),
('10','10','10'),
('11','11','11'),
('12','12','12'),
('13','13','13'),
('14','14','14'),
('15','15','15'),
('16','16','16'),
('17','17','17'),
('18','18','18'),
('19','19','19'),
('20','20','20'),
('21','21','21'),
('22','22','22'),
('23','23','23'),
('24','24','24'),
('25','25','25'),
('26','26','26'),
('27','27','27'),
('28','28','28'),
('29','29','29'),
('30','30','30'),
('31','31','31'),
('32','32','32'),
('33','33','33'),
('34','34','34'),
('35','35','35'),
('36','36','36'),
('37','37','37'),
('38','38','38'),
('39','39','39'),
('40','40','40'),
('41','41','41'),
('42','42','42'),
('43','43','43'),
('44','44','44'),
('45','45','45'),
('46','46','46'),
('47','47','47'),
('48','48','48'),
('49','49','49'),
('50','50','50'),
('51','51','51'),
('52','52','52'),
('53','53','53'),
('54','54','54'),
('55','55','55'),
('56','56','56'),
('57','57','57'),
('58','58','58'),
('59','59','59'),
('60','60','60'),
('61','61','61'),
('62','62','62'),
('63','63','63'),
('64','64','64'),
('65','65','65'),
('66','66','66'),
('67','67','67'),
('68','68','68'),
('69','69','69'),
('70','70','70'),
('71','71','71'),
('72','72','72'),
('73','73','73'),
('74','74','74'),
('75','75','75'),
('76','76','76'),
('77','77','77'),
('78','78','78'),
('79','79','79'),
('80','80','80'),
('81','81','81'),
('82','82','82'),
('83','83','83'),
('84','84','84'),
('85','85','85'),
('86','86','86'),
('87','87','87'),
('88','88','88'),
('89','89','89'),
('90','90','90'),
('91','91','91'),
('92','92','92'),
('93','93','93'),
('94','94','94'),
('95','95','95'),
('96','96','96'),
('97','97','97'),
('98','98','98'),
('99','99','99'),
('100','100','100'); 


DROP TABLE IF EXISTS `profiles`;
CREATE TABLE `profiles` (
  `user_id` bigint(20) unsigned NOT NULL AUTO_INCREMENT,
  `gender` char(1) COLLATE utf8_unicode_ci DEFAULT NULL,
  `birthday` date DEFAULT NULL,
  `photo_id` bigint(20) unsigned DEFAULT NULL,
  `created_at` datetime DEFAULT current_timestamp(),
  `hometown` varchar(100) COLLATE utf8_unicode_ci DEFAULT NULL,
  PRIMARY KEY (`user_id`),
  CONSTRAINT `profiles_ibfk_1` FOREIGN KEY (`user_id`) REFERENCES `users` (`id`) ON UPDATE CASCADE
) ENGINE=InnoDB AUTO_INCREMENT=101 DEFAULT CHARSET=utf8 COLLATE=utf8_unicode_ci;

INSERT INTO `profiles` VALUES ('1',NULL,'2000-05-29','1','1980-06-27 04:23:48',NULL),
('2',NULL,'2002-09-04','2','2009-07-27 18:24:01',NULL),
('3',NULL,'1974-07-03','3','2014-02-22 04:45:21',NULL),
('4',NULL,'2008-01-24','4','2015-07-10 03:46:42',NULL),
('5',NULL,'1993-05-18','5','2019-06-13 03:23:12',NULL),
('6',NULL,'1991-08-10','6','1974-07-21 00:20:33',NULL),
('7',NULL,'2009-01-25','7','2018-02-10 21:32:43',NULL),
('8',NULL,'2012-04-01','8','1996-10-02 07:46:28',NULL),
('9',NULL,'1979-04-01','9','2005-12-13 01:18:34',NULL),
('10',NULL,'1976-01-13','10','2006-02-16 13:27:15',NULL),
('11',NULL,'1970-10-11','11','1980-06-27 16:18:07',NULL),
('12',NULL,'2015-06-18','12','2006-06-07 11:55:32',NULL),
('13',NULL,'1970-03-31','13','1983-09-08 06:09:27',NULL),
('14',NULL,'2011-08-28','14','2015-10-05 12:01:49',NULL),
('15',NULL,'1982-11-23','15','2018-04-05 02:21:37',NULL),
('16',NULL,'2019-12-18','16','2015-05-06 12:40:47',NULL),
('17',NULL,'1984-12-10','17','1992-02-06 09:17:32',NULL),
('18',NULL,'1977-07-04','18','1982-09-03 21:34:28',NULL),
('19',NULL,'2011-07-24','19','1998-09-23 19:31:47',NULL),
('20',NULL,'2016-12-07','20','2004-04-20 16:42:09',NULL),
('21',NULL,'1979-10-02','21','2006-11-12 22:05:44',NULL),
('22',NULL,'2018-03-27','22','1982-09-22 21:56:03',NULL),
('23',NULL,'2011-03-23','23','1981-05-04 11:02:28',NULL),
('24',NULL,'2018-04-26','24','1996-10-09 11:02:18',NULL),
('25',NULL,'1997-10-19','25','2014-07-31 14:13:40',NULL),
('26',NULL,'1977-08-28','26','1998-11-18 07:23:43',NULL),
('27',NULL,'1996-10-14','27','1980-07-18 14:14:43',NULL),
('28',NULL,'2019-03-19','28','2011-01-31 23:25:32',NULL),
('29',NULL,'2015-03-27','29','1979-09-19 02:08:40',NULL),
('30',NULL,'1992-08-08','30','1996-10-16 01:57:58',NULL),
('31',NULL,'2002-06-18','31','1987-01-13 22:38:47',NULL),
('32',NULL,'2005-03-25','32','2017-02-03 17:10:44',NULL),
('33',NULL,'2011-09-07','33','2010-06-25 09:18:28',NULL),
('34',NULL,'2005-05-15','34','2003-03-12 12:02:14',NULL),
('35',NULL,'1988-04-28','35','2013-01-01 15:25:16',NULL),
('36',NULL,'2014-06-21','36','1970-12-06 04:56:04',NULL),
('37',NULL,'2006-01-07','37','1988-07-31 18:14:31',NULL),
('38',NULL,'1986-03-26','38','1972-10-19 13:40:06',NULL),
('39',NULL,'2000-07-07','39','2006-12-02 18:27:14',NULL),
('40',NULL,'1970-02-09','40','2013-06-17 16:12:22',NULL),
('41',NULL,'2004-06-21','41','1995-09-14 11:39:10',NULL),
('42',NULL,'2017-03-01','42','1981-08-10 05:14:18',NULL),
('43',NULL,'1978-03-11','43','1992-11-26 20:25:23',NULL),
('44',NULL,'1984-06-05','44','1995-12-18 22:17:34',NULL),
('45',NULL,'1971-12-30','45','2005-06-18 21:59:05',NULL),
('46',NULL,'2015-07-08','46','1973-10-22 02:33:02',NULL),
('47',NULL,'2006-10-15','47','1983-11-18 13:26:30',NULL),
('48',NULL,'2012-08-27','48','1999-12-27 16:23:58',NULL),
('49',NULL,'1985-03-23','49','2017-11-20 06:00:39',NULL),
('50',NULL,'1971-09-27','50','2011-11-15 06:11:37',NULL),
('51',NULL,'2001-09-25','51','2013-06-04 04:03:15',NULL),
('52',NULL,'1984-01-09','52','2007-12-21 04:54:49',NULL),
('53',NULL,'1993-03-31','53','1975-10-04 23:53:35',NULL),
('54',NULL,'1970-08-09','54','1992-06-18 19:18:24',NULL),
('55',NULL,'2002-06-05','55','1989-11-01 15:07:52',NULL),
('56',NULL,'2011-04-23','56','2006-05-03 17:54:35',NULL),
('57',NULL,'1999-02-07','57','2012-02-20 01:10:39',NULL),
('58',NULL,'1983-08-18','58','2018-02-20 15:52:04',NULL),
('59',NULL,'1979-09-14','59','1983-12-19 20:17:05',NULL),
('60',NULL,'1979-12-25','60','2012-06-09 17:45:07',NULL),
('61',NULL,'2015-07-03','61','1985-08-03 16:13:25',NULL),
('62',NULL,'2007-06-24','62','1985-06-13 09:51:51',NULL),
('63',NULL,'1983-08-08','63','1972-07-26 05:53:49',NULL),
('64',NULL,'2001-10-31','64','2018-06-18 06:48:03',NULL),
('65',NULL,'1972-01-26','65','2015-11-26 18:04:04',NULL),
('66',NULL,'1995-10-05','66','1988-09-11 19:07:23',NULL),
('67',NULL,'1995-11-27','67','1996-08-22 23:12:58',NULL),
('68',NULL,'1997-05-24','68','2012-05-04 19:33:01',NULL),
('69',NULL,'1975-09-16','69','2005-08-11 09:51:22',NULL),
('70',NULL,'1997-02-10','70','2016-08-20 13:40:08',NULL),
('71',NULL,'2000-08-07','71','1991-08-28 19:07:00',NULL),
('72',NULL,'2011-11-20','72','1998-02-18 23:01:10',NULL),
('73',NULL,'1977-03-19','73','2019-09-18 12:26:17',NULL),
('74',NULL,'1978-10-12','74','2010-11-02 08:23:27',NULL),
('75',NULL,'1971-08-31','75','2011-01-10 22:02:06',NULL),
('76',NULL,'2013-06-09','76','2015-06-05 03:12:28',NULL),
('77',NULL,'2010-05-04','77','2004-07-05 02:45:22',NULL),
('78',NULL,'2001-04-09','78','1976-03-12 20:41:23',NULL),
('79',NULL,'1973-05-24','79','1978-03-15 14:57:22',NULL),
('80',NULL,'2011-11-04','80','2003-04-18 08:08:16',NULL),
('81',NULL,'1981-11-05','81','2001-09-15 02:48:59',NULL),
('82',NULL,'2016-05-18','82','2005-03-28 15:03:25',NULL),
('83',NULL,'2010-10-27','83','2001-12-20 20:20:38',NULL),
('84',NULL,'2011-01-12','84','1985-07-02 05:45:41',NULL),
('85',NULL,'1997-06-20','85','2001-06-22 05:19:16',NULL),
('86',NULL,'1994-08-18','86','2013-06-21 19:10:59',NULL),
('87',NULL,'2013-09-12','87','1994-01-11 00:36:34',NULL),
('88',NULL,'1996-08-17','88','1975-10-18 06:44:32',NULL),
('89',NULL,'1982-02-01','89','2000-12-11 22:48:31',NULL),
('90',NULL,'1978-03-28','90','1988-10-24 09:49:41',NULL),
('91',NULL,'1975-03-13','91','1972-05-15 10:33:40',NULL),
('92',NULL,'1982-04-11','92','1997-02-26 01:49:33',NULL),
('93',NULL,'2011-12-29','93','2009-03-11 23:03:47',NULL),
('94',NULL,'2006-09-05','94','2010-08-16 17:52:09',NULL),
('95',NULL,'1987-07-16','95','1990-04-30 07:36:45',NULL),
('96',NULL,'2017-10-25','96','1994-05-26 17:27:13',NULL),
('97',NULL,'2005-08-29','97','1982-07-19 14:51:28',NULL),
('98',NULL,'1974-11-30','98','1999-05-03 15:05:56',NULL),
('99',NULL,'2005-05-12','99','1993-03-17 03:52:18',NULL),
('100',NULL,'1975-06-20','100','2013-03-20 11:57:16',NULL); 


DROP TABLE IF EXISTS `users`;
CREATE TABLE `users` (
  `id` bigint(20) unsigned NOT NULL AUTO_INCREMENT,
  `firstname` varchar(50) COLLATE utf8_unicode_ci DEFAULT NULL,
  `lastname` varchar(50) COLLATE utf8_unicode_ci DEFAULT NULL COMMENT '',
  `email` varchar(120) COLLATE utf8_unicode_ci DEFAULT NULL,
  `phone` bigint(20) DEFAULT NULL,
  PRIMARY KEY (`id`),
  UNIQUE KEY `email` (`email`),
  KEY `users_phone_idx` (`phone`),
  KEY `users_firstname_lastname_idx` (`firstname`,`lastname`)
) ENGINE=InnoDB AUTO_INCREMENT=101 DEFAULT CHARSET=utf8 COLLATE=utf8_unicode_ci;

INSERT INTO `users` VALUES ('1','Althea','Kreiger','mclaughlin.grayce@example.com','1'),
('2','Claud','Davis','kmueller@example.com','989'),
('3','Devon','Osinski','balistreri.caleigh@example.org','0'),
('4','Arch','Blanda','asteuber@example.org','1'),
('5','Alexandrine','Goodwin','nikolaus.aaron@example.com','1'),
('6','Addison','Satterfield','xdietrich@example.net','133597'),
('7','Gerry','Monahan','joanny36@example.net','1'),
('8','Kareem','Skiles','ntromp@example.net','455'),
('9','William','Haley','ipagac@example.org','139599'),
('10','Tristin','Schiller','kenneth.terry@example.net','685'),
('11','Frida','Steuber','zboncak.cleta@example.org','139093'),
('12','Carissa','Kilback','renner.katheryn@example.net','553'),
('13','Jermain','Gleichner','jkihn@example.org','0'),
('14','Jacey','Kessler','hettinger.linda@example.org','0'),
('15','Darby','Hills','odaniel@example.net','74'),
('16','Flossie','Rolfson','kkutch@example.net','912'),
('17','Kayli','Kertzmann','fisher.earnest@example.org','379781'),
('18','Aliza','Hamill','marcia.king@example.net','1'),
('19','Edgardo','Jast','burdette35@example.com','0'),
('20','Alberto','Parisian','ariel42@example.com','63'),
('21','Brandt','Fritsch','mcdermott.deangelo@example.com','0'),
('22','Marie','Bradtke','crooks.lacey@example.net','259766'),
('23','Thea','Watsica','zulauf.nia@example.org','0'),
('24','Octavia','Dickens','gorczany.fred@example.com','0'),
('25','Billie','Stehr','fcrist@example.com','174876'),
('26','Isabella','Medhurst','gerhold.adah@example.net','8120461508'),
('27','Thalia','Prohaska','umarks@example.com','1'),
('28','Christophe','Swift','ylegros@example.org','292473'),
('29','Garett','Runte','morton.haag@example.com','1'),
('30','Geoffrey','Bashirian','pwhite@example.org','0'),
('31','Caesar','Hermann','xdooley@example.net','782985'),
('32','Bonnie','O\'Conner','percy.rodriguez@example.org','554111'),
('33','Morgan','Hayes','estell.harvey@example.net','0'),
('34','Cassandre','Walter','gutkowski.vickie@example.org','749735'),
('35','Gaetano','O\'Hara','jeremy04@example.org','49'),
('36','Ila','Hills','dlegros@example.com','1'),
('37','Ben','Hauck','batz.maymie@example.net','0'),
('38','Rosalind','Weimann','edmund.nikolaus@example.net','481'),
('39','Augustus','Nolan','wiegand.domenica@example.net','190029'),
('40','Martina','Tillman','nstamm@example.org','473'),
('41','Grant','Kulas','usauer@example.org','987709'),
('42','Levi','Dooley','ike.welch@example.org','0'),
('43','Hertha','Crist','ahegmann@example.com','3'),
('44','Quinten','Moore','watsica.corine@example.com','3'),
('45','Bryon','Walter','bergstrom.marilyne@example.net','1'),
('46','Virginie','Gerhold','gust70@example.com','92905'),
('47','Cletus','Breitenberg','kaden22@example.org','1'),
('48','Enos','Raynor','lehner.lorenz@example.com','1'),
('49','Bernie','Haley','daniella87@example.com','265781'),
('50','Connor','Schulist','torrey19@example.com','22'),
('51','Roslyn','Bode','nbartoletti@example.org','0'),
('52','Luisa','Kling','schoen.shemar@example.net','786745'),
('53','Marcel','Halvorson','amcdermott@example.net','2680554546'),
('54','Gregorio','D\'Amore','daisha97@example.com','0'),
('55','Alysson','Marvin','tillman.karlee@example.com','0'),
('56','Jordane','Dare','bert40@example.org','7202888352'),
('57','Margarita','Sanford','yhuels@example.com','273905'),
('58','Libbie','Effertz','ckoelpin@example.com','355'),
('59','Sierra','Schuppe','brunte@example.org','344899'),
('60','Kenny','Metz','cordie94@example.net','312304'),
('61','Cleta','Denesik','camron77@example.org','1'),
('62','Eloisa','Kilback','brooks52@example.org','0'),
('63','Emie','Gislason','deborah26@example.net','782'),
('64','Duane','Johns','murray.richie@example.net','300'),
('65','Myrna','Kohler','rebeca70@example.com','1346543104'),
('66','Albin','Hegmann','herzog.jamarcus@example.com','1'),
('67','Braulio','Bosco','baylee.waelchi@example.org','228616'),
('68','Austyn','Strosin','corrine25@example.net','411922'),
('69','Camryn','Douglas','btrantow@example.com','4785598860'),
('70','Nia','Kautzer','annetta67@example.org','37'),
('71','Ike','Koss','qmurphy@example.com','1'),
('72','Billy','Howe','tod.beer@example.org','1'),
('73','Rebeka','Boyer','niko12@example.org','0'),
('74','Oral','Padberg','jo\'hara@example.net','0'),
('75','Regan','Armstrong','rohan.lulu@example.net','771154'),
('76','Josephine','Mante','pgorczany@example.org','0'),
('77','Glenda','Fritsch','ajones@example.org','1'),
('78','Virgie','Runte','ledner.alfredo@example.com','0'),
('79','Lamar','Kshlerin','rex10@example.org','64'),
('80','Dewitt','Sanford','rhea.collins@example.net','1'),
('81','Sunny','Grimes','sydney.collier@example.net','44'),
('82','Wilford','Luettgen','gleichner.aliya@example.org','4237602699'),
('83','Lenna','Brown','johnathon87@example.net','42'),
('84','Mittie','DuBuque','nvonrueden@example.org','1'),
('85','Margarete','Heaney','estevan.muller@example.net','1'),
('86','Erika','McDermott','chanel55@example.com','574292'),
('87','Georgette','Macejkovic','emitchell@example.org','649'),
('88','Macy','Turcotte','mschaefer@example.net','1'),
('89','Dion','Maggio','reilly.pablo@example.org','231'),
('90','Arjun','Weber','skonopelski@example.org','1'),
('91','Josiah','Luettgen','nels.wehner@example.com','1'),
('92','Tomas','Fadel','xvon@example.org','595867'),
('93','Rowan','Christiansen','uglover@example.org','9743436552'),
('94','Roderick','Schuster','strosin.rubie@example.net','54'),
('95','Claudine','Dickinson','skiles.retta@example.net','1'),
('96','Vickie','Borer','jena92@example.com','1'),
('97','Grayce','Pfeffer','twila44@example.org','24656997'),
('98','Lera','Klocko','schuppe.samara@example.org','129063'),
('99','Toby','Leffler','schuppe.amelie@example.net','299266'),
('100','Alexandra','Moore','hirthe.shyanne@example.net','453199'); 


DROP TABLE IF EXISTS `users_communities`;
CREATE TABLE `users_communities` (
  `user_id` bigint(20) unsigned NOT NULL,
  `community_id` bigint(20) unsigned NOT NULL,
  PRIMARY KEY (`user_id`,`community_id`),
  KEY `community_id` (`community_id`),
  CONSTRAINT `users_communities_ibfk_1` FOREIGN KEY (`user_id`) REFERENCES `users` (`id`),
  CONSTRAINT `users_communities_ibfk_2` FOREIGN KEY (`community_id`) REFERENCES `communities` (`id`)
) ENGINE=InnoDB DEFAULT CHARSET=utf8 COLLATE=utf8_unicode_ci;

INSERT INTO `users_communities` VALUES ('1','1'),
('2','2'),
('3','3'),
('4','4'),
('5','5'),
('6','6'),
('7','7'),
('8','8'),
('9','9'),
('10','10'),
('11','11'),
('12','12'),
('13','13'),
('14','14'),
('15','15'),
('16','16'),
('17','17'),
('18','18'),
('19','19'),
('20','20'),
('21','21'),
('22','22'),
('23','23'),
('24','24'),
('25','25'),
('26','26'),
('27','27'),
('28','28'),
('29','29'),
('30','30'),
('31','31'),
('32','32'),
('33','33'),
('34','34'),
('35','35'),
('36','36'),
('37','37'),
('38','38'),
('39','39'),
('40','40'),
('41','41'),
('42','42'),
('43','43'),
('44','44'),
('45','45'),
('46','46'),
('47','47'),
('48','48'),
('49','49'),
('50','50'),
('51','51'),
('52','52'),
('53','53'),
('54','54'),
('55','55'),
('56','56'),
('57','57'),
('58','58'),
('59','59'),
('60','60'),
('61','61'),
('62','62'),
('63','63'),
('64','64'),
('65','65'),
('66','66'),
('67','67'),
('68','68'),
('69','69'),
('70','70'),
('71','71'),
('72','72'),
('73','73'),
('74','74'),
('75','75'),
('76','76'),
('77','77'),
('78','78'),
('79','79'),
('80','80'),
('81','81'),
('82','82'),
('83','83'),
('84','84'),
('85','85'),
('86','86'),
('87','87'),
('88','88'),
('89','89'),
('90','90'),
('91','91'),
('92','92'),
('93','93'),
('94','94'),
('95','95'),
('96','96'),
('97','97'),
('98','98'),
('99','99'),
('100','100'); 




/*!40101 SET SQL_MODE=@OLD_SQL_MODE */;
/*!40014 SET FOREIGN_KEY_CHECKS=@OLD_FOREIGN_KEY_CHECKS */;
/*!40014 SET UNIQUE_CHECKS=@OLD_UNIQUE_CHECKS */;
/*!40101 SET CHARACTER_SET_CLIENT=@OLD_CHARACTER_SET_CLIENT */;
/*!40101 SET CHARACTER_SET_RESULTS=@OLD_CHARACTER_SET_RESULTS */;
/*!40101 SET COLLATION_CONNECTION=@OLD_COLLATION_CONNECTION */;
/*!40111 SET SQL_NOTES=@OLD_SQL_NOTES */;

